<<<<<<< HEAD
Name,city,state_code,Rank_USNewsWorldReport,TuitionFees,Undergrad_Enrollment,longitude,latitude,website,yearFounded,studentFacultyRatio,totalGrantAid,percentOfStudentsFinAid,percentOfStudentsGrant
Princeton University,Princeton,NJ,1,45320,5402,-74.6591,40.3499,http://www.princeton.edu,1746,4,44871096,62,61
Harvard University,Cambridge,MA,2,47074,6699,-71.113,42.3747,http://www.harvard.edu,1636,5,54635593,72,57
University of Chicago,Chicago,IL,3,52491,5844,-87.6012,41.7902,http://www.uchicago.edu,1890,5,40317227,57,52
Yale University,New Haven,CT,3,49480,5532,-72.9234,41.314,http://www.yale.edu,1701,4,48430359,61,53
Columbia University,New York,NY,5,55056,6102,-73.9613,40.8065,http://www.columbia.edu,1754,6,44615007,58,54
Stanford University,Stanford,CA,5,47940,16999,-122.1689,37.4314,http://www.stanford.edu,1891,4,51328461,70,55
Massachusetts Institute of Technology,Cambridge,MA,7,48452,4527,-71.0935,42.359,http://web.mit.edu,1861,3,35299332,75,60
Duke University,Durham,NC,8,51265,6639,-78.9403,36.0014,http://www.duke.edu,1924,6,41087604,63,47
University of Pennsylvania,Philadelphia,PA,8,51464,9726,-75.1624,39.9523,http://www.upenn.edu,1740,6,59744979,57,47
Johns Hopkins University,Baltimore,MD,10,50410,6524,-76.6096,39.2906,http://www.jhu.edu,1876,6,41160533,65,57
Dartmouth College,Hanover,NH,11,51438,4307,-72.2895,43.7005,http://www.dartmouth.edu,1769,7,27997693,58,45
California Institute of Technology,Pasadena,CA,12,47577,1001,-118.1259,34.1359,http://www.caltech.edu,1891,3,6455026,74,57
Northwestern University,Evanston,IL,12,50855,8314,-87.6787,42.0497,http://www.northwestern.edu,1851,6,61176584,66,61
Brown University,Providence,RI,14,51367,6652,-71.4497,41.8582,http://www.brown.edu,1764,6,36177528,55,44
Cornell University,Ithaca,NY,15,50953,14315,-76.4845,42.4536,http://www.cornell.edu,1865,9,70971547,59,47
Rice University,Houston,TX,15,43918,3910,-95.3698,29.7605,http://www.rice.edu,1891,6,27486883,70,60
University of Notre Dame,Notre Dame,IN,15,49685,8462,-86.2392,41.7007,http://www.nd.edu,1842,9,50856461,68,56
Vanderbilt University,Nashville,TN,15,45610,6883,-86.8015,36.1503,http://www.vanderbilt.edu,1873,8,47391010,67,62
Washington University in St. Louis,St. Louis,MO,19,49770,7504,-90.3013,38.6478,http://www.wustl.edu,1853,7,39741443,54,46
Emory University,Atlanta,GA,20,47954,6867,-84.3257,33.7898,http://www.emory.edu,1836,9,34494686,58,53
Georgetown University,Washington,DC,20,50547,7562,-77.029,38.8991,http://www.georgetown.edu,1789,11,31716749,54,44
University of California--Berkeley,Berkeley,CA,20,40191,27496,-122.2591,37.872,https://www.berkeley.edu/,1868,,,,
University of Southern California,Los Angeles,CA,23,52217,18810,-118.2828,34.0192,http://www.usc.edu,1880,9,77361905,70,65
Carnegie Mellon University,Pittsburgh,PA,24,52040,6454,-79.9431,40.4446,http://www.cmu.edu,1900,5,29629565,60,50
University of California--Los Angeles,Los Angeles,CA,24,39518,29585,-122.2584,37.8719,https://www.ucla.edu/,1919,,,,
University of Virginia,Charlottesville,VA,24,45066,16736,-78.581,38.0787,http://www.virginia.edu,1819,15,34787367,60,39
Tufts University,Medford,MA,27,52430,5290,-71.1088,42.4198,http://www.tufts.edu,1852,10,26409169,44,38
University of Michigan--Ann Arbor,Ann Arbor,MI,27,43476,28312,-83.7382,42.278,https://umich.edu/,1817,,,,
Wake Forest University,Winston-Salem,NC,27,49308,4871,-80.274,36.1368,http://www.wfu.edu,1834,11,22194015,44,34
University of North Carolina--Chapel Hill,Chapel Hill,NC,30,33916,18415,-79.0468,35.9046,https://www.unc.edu/,1789,,,,
Boston College,Chestnut Hill,MA,31,51296,9192,-71.1646,42.3261,http://www.bc.edu,1863,14,48015609,56,45
College of William & Mary,Williamsburg,VA,32,41718,6301,-76.7166,37.2711,https://www.wm.edu/,1693,,,,
University of Rochester,Rochester,NY,32,50142,6304,-77.6199,43.133,http://www.rochester.edu,1850,10,47735154,83,82
Brandeis University,Waltham,MA,34,51570,3621,-71.255,42.3659,http://www.brandeis.edu,1948,10,19437305,72,69
Georgia Institute of Technology,Atlanta,GA,34,32404,15142,-84.3944,33.7713,http://www.gatech.edu,1885,19,27952964,73,70
New York University,New York,NY,36,49062,25722,-73.9972,40.7298,http://www.nyu.edu,1831,8,98732499,65,60
Case Western Reserve University,Cleveland,OH,37,46006,5121,-81.609,41.506,http://www.case.edu,1826,11,40564474,90,88
University of California--Santa Barbara,Santa Barbara,CA,37,40704,20607,-119.8489,34.414,https://www.ucsb.edu/,1891,,,,
Boston University,Boston,MA,39,50240,17932,-71.0988,42.3502,http://www.bu.edu,1839,10,68722830,53,48
Northeastern University,Boston,MA,39,47655,13697,-71.089,42.3403,http://www.northeastern.edu,1898,14,84882594,82,80
Rensselaer Polytechnic Institute,Troy,NY,39,50797,5864,-73.684,42.7314,http://www.rpi.edu,1824,17,48771095,88,88
Tulane University,New Orleans,LA,39,51010,6662,-90.124,29.9354,http://www.tulane.edu,1834,8,40554223,80,79
University of California--Irvine,Irvine,CA,39,39458,25256,-117.8443,33.6405,https://uci.edu/,1965,,,,
Lehigh University,Bethlehem,PA,44,48320,5075,-75.3789,40.6072,http://www4.lehigh.edu/default.aspx,1865,9,30545970,69,51
University of California--Davis,Davis,CA,44,40728,28384,-121.7405,38.5449,https://www.ucdavis.edu/,1905,,,,
University of California--San Diego,San Diego,CA,44,41387,26590,-117.0719,32.7748,https://ucsd.edu/,1960,,,,
University of Illinois--Urbana-Champaign,Champaign,IL,44,31320,33368,-88.2283,40.1106,https://illinois.edu/,1867,,,,
University of Miami,Miami,FL,44,47004,11122,-80.2781,25.7174,https://welcome.miami.edu/,1925,,,,
University of Wisconsin--Madison,Madison,WI,44,32738,31662,-89.4012,43.0731,https://www.wisc.edu/,1848,,,,
Pepperdine University,Malibu,CA,50,50022,3533,-118.6896,34.0362,http://www.pepperdine.edu,1937,13,19903186,96,96
University of Florida,Gainesville,FL,50,28666,35043,-82.3232,29.652,http://www.ufl.edu,1853,17,69127340,91,89
Villanova University,Villanova,PA,50,49280,6994,-75.3486,40.0358,http://www.villanova.edu,1842,11,31714953,64,54
Pennsylvania State University--University Park,State College,PA,50,32382,40742,-77.8599,40.7982,https://www.psu.edu/,1855,,,,
Ohio State University--Columbus,Columbus,OH,54,29229,45289,-83.0148,39.9993,https://www.osu.edu/,1870,,,,
University of Washington,Seattle,WA,54,34791,31063,-122.3032,47.6555,https://www.washington.edu/,1861,,,,
George Washington University,Washington,DC,56,51950,11157,-76.9735,38.903,http://www.gwu.edu,1821,13,63297253,72,71
Southern Methodist University,Dallas,TX,56,50358,6411,-96.7857,32.8444,http://www.smu.edu,1911,11,40437904,78,75
University of Georgia,Athens,GA,56,29844,27547,-83.3935,33.9252,http://www.uga.edu,1785,17,56378523,92,90
University of Texas--Austin,Austin,TX,56,34676,39619,-97.7341,30.2849,https://www.utexas.edu/,1883,,,,
Fordham University,Bronx,NY,60,47317,8855,-73.9232,40.8257,http://www.fordham.edu,1841,13,64695360,92,91
Purdue University--West Lafayette,West Lafayette,IN,60,28804,29497,-86.9081,40.4259,https://www.purdue.edu/,1869,,,,
Syracuse University,Syracuse,NY,60,45022,15196,-76.1474,43.05,http://syracuse.edu,1870,15,80616960,88,86
University of Connecticut,Storrs,CT,60,35858,18826,-72.2501,41.8085,http://uconn.edu,1881,16,34234946,77,67
University of Maryland--College Park,College Park,MD,60,32045,27443,-76.9378,38.9897,https://www.umd.edu/,1856,,,,
Worcester Polytechnic Institute,Worcester,MA,60,46994,4299,-71.8078,42.2727,http://www.wpi.edu,1865,13,28031500,100,99
Clemson University,Clemson,SC,66,32796,18016,-82.8389,34.6769,http://www.clemson.edu,1889,16,33917026,89,85
Yeshiva University,New York,NY,66,40670,2744,-73.9294,40.8506,http://www.yu.edu,1886,7,13662852,87,86
Brigham Young University--Provo,Provo,UT,68,5300,30221,-111.6585,40.2338,https://www.byu.edu/,1875,,,,
University of Pittsburgh,Pittsburgh,PA,68,29758,18908,-79.9975,40.4383,http://www.pitt.edu,1787,14,34485031,78,63
Rutgers University--New Brunswick,New Brunswick,NJ,70,30023,35484,-74.4381,40.5237,https://newbrunswick.rutgers.edu/,1766,,,,
Baylor University,Waco,TX,71,42006,14189,-97.2789,31.4867,http://www.baylor.edu,1845,15,77376398,95,93
Stevens Institute of Technology,Hoboken,NJ,71,48838,2873,-74.0273,40.742,http://www.stevens.edu/sit,1870,12,29076665,99,99
University of Minnesota--Twin Cities,Minneapolis,MN,71,22210,34071,-93.2277,44.974,https://twin-cities.umn.edu/,1851,,,,
American University,Washington,DC,74,44853,7909,-77.0867,38.9385,http://www.american.edu,1893,11,29292043,74,57
Clark University,Worcester,MA,74,43150,2397,-71.8201,42.2499,https://www.clarku.edu/,1887,,,,
Texas A&M University--College Station,College Station,TX,74,28768,48960,-96.3686,30.5669,https://www.tamu.edu/,1876,,,,
University of Massachusetts--Amherst,Amherst,MA,74,30123,22748,-72.5254,42.3863,https://www.umass.edu/,1863,,,,
Virginia Tech,Blacksburg,VA,74,29371,25384,-80.4106,37.2263,http://vt.edu,1872,14,30506575,66,59
Miami University--Oxford,Oxford,OH,79,31592,16387,-84.7345,39.5087,https://miamioh.edu/,1809,,,,
University of California--Santa Cruz,Santa Cruz,CA,79,40241,16231,-122.0593,36.9821,https://www.ucsc.edu/,1965,,,,
University of Delaware,Newark,DE,79,31420,18322,-75.7536,39.6776,http://www.udel.edu,1743,15,45896491,89,85
Colorado School of Mines,Golden,CO,82,34828,4608,-105.2223,39.7512,http://www.mines.edu,1874,17,12324552,90,83
Michigan State University,East Lansing,MI,82,39090,39143,-84.4798,42.7305,http://www.msu.edu,1855,16,62753112,71,57
Texas Christian University,Fort Worth,TX,82,42670,8894,-97.3292,32.7486,http://www.tcu.edu,1873,13,44462458,82,74
University of Iowa,Iowa City,IA,82,28413,23357,-91.5365,41.6625,http://www.uiowa.edu,1847,16,37489127,87,72
Binghamton University--SUNY,Binghamton,NY,86,22164,13491,-75.9695,42.0894,https://www.binghamton.edu/,1946,,,,
Indiana University--Bloomington,Bloomington,IN,86,34246,38364,-86.523,39.1682,https://www.indiana.edu/,1820,,,,
Marquette University,Milwaukee,WI,86,38470,8334,-87.9068,43.0418,http://www.marquette.edu,1881,13,50489177,100,100
University of Denver,Denver,CO,86,46362,5758,-104.9594,39.6767,http://www.du.edu,1864,11,37315415,90,89
University of San Diego,San Diego,CA,86,46140,5647,-117.185,32.7717,http://www.sandiego.edu,1949,13,29932306,82,79
University of Tulsa,Tulsa,OK,86,38796,3478,-95.9461,36.1496,http://www.utulsa.edu,1894,10,27921673,99,99
Florida State University,Tallahassee,FL,92,24673,32706,-84.2108,30.3867,http://www.fsu.edu,1851,21,66632849,96,95
North Carolina State University--Raleigh,Raleigh,NC,92,26399,24111,-78.6821,35.7847,https://www.ncsu.edu/,1887,,,,
University of Colorado--Boulder,Boulder,CO,92,35079,27010,-105.2659,40.0076,https://www.colorado.edu/,1876,,,,
University of Vermont,Burlington,VT,92,40364,10973,-73.2006,44.4745,http://www.uvm.edu,1791,16,46200374,96,95
Drexel University,Philadelphia,PA,96,51030,14138,-75.1866,39.9537,http://www.drexel.edu,1891,11,96187904,100,100
Saint Louis University,St. Louis,MO,96,40726,8248,-90.2338,38.6345,http://www.slu.edu,1818,9,64544919,98,98
Stony Brook University--SUNY,Stony Brook,NY,96,26266,16831,-73.124,40.9048,https://www.stonybrook.edu/,1957,,,,
Auburn University,Auburn,AL,99,28840,21786,-85.4817,32.6075,http://www.auburn.edu,1856,20,29534482,74,67
Loyola University Chicago,Chicago,IL,99,41384,11079,-87.6573,41.9983,http://www.luc.edu,1870,14,60213922,99,98
SUNY College of Environmental Science and Forestry,Syracuse,NY,99,17620,1839,-76.1366,43.0345,https://www.esf.edu/,1911,,,,
University at Buffalo--SUNY,Buffalo,NY,99,26270,19951,-78.789,43.0008,https://www.buffalo.edu/,1846,,,,
Illinois Institute of Technology,Chicago,IL,103,45214,2991,-87.6269,41.8347,http://www.iit.edu,1890,10,21734418,100,100
University of Alabama,Tuscaloosa,AL,103,26950,31958,-87.4747,33.1678,http://www.ua.edu,1820,20,75612520,85,78
University of Oregon,Eugene,OR,103,33442,20538,-123.0885,44.0499,http://www.uoregon.edu,1876,18,27686043,89,63
University of Tennessee,Knoxville,TN,103,30858,21863,-83.9295,35.9544,https://www.utk.edu/,1794,,,,
Rochester Institute of Technology,Rochester,NY,107,38568,12607,-77.6744,43.0847,http://www.rit.edu,1829,13,65479856,99,98
University of New Hampshire,Durham,NH,107,31424,13034,-70.9248,43.1342,http://www.unh.edu,1866,16,32132329,95,93
University of San Francisco,San Francisco,CA,107,44494,6782,-122.4519,37.7751,http://www.usfca.edu,1855,12,30904033,90,90
University of South Carolina,Columbia,SC,107,31282,25237,-81.0452,33.9986,http://www.sc.edu,1801,18,39099419,94,92
Iowa State University,Ames,IA,111,21483,30034,-93.6202,42.0253,http://www.iastate.edu,1858,18,38950588,93,86
University of Dayton,Dayton,OH,111,40940,8665,-84.1802,39.7405,http://www.udayton.edu,1850,15,54876592,97,95
University of Missouri,Columbia,MO,111,25892,27812,-92.3277,38.9404,https://missouri.edu/,1839,,,,
University of Nebraska--Lincoln,Lincoln,NE,111,23148,20182,-96.7005,40.8202,https://www.unl.edu/,1869,,,,
University of Oklahoma,Norman,OK,111,21451,22132,-97.4457,35.2059,https://www.ou.edu/,1890,,,,
University of the Pacific,Stockton,CA,111,44588,3735,-121.3129,37.9799,https://www.pacific.edu/,1851,,,,
University of Utah,Salt Lake City,UT,111,27039,23794,-111.8498,40.7654,http://www.utah.edu,1850,17,30117505,87,80
Michigan Technological University,Houghton,MI,118,30968,5721,-88.5514,47.119,http://www.mtu.edu,1885,13,17892362,99,99
Seton Hall University,South Orange,NJ,118,39258,6090,-74.2474,40.7446,http://www.shu.edu,1856,14,43765073,100,99
Temple University,Philadelphia,PA,118,25994,28609,-75.1624,39.9523,http://www.temple.edu,1884,13,47265447,91,86
University of California--Riverside,Riverside,CA,118,40263,18608,-117.3281,33.9737,https://www.ucr.edu/,1907,,,,
University of Kansas,Lawrence,KS,118,25932,19245,-95.2605,38.9561,http://www.ku.edu,1865,17,32208701,85,76
University of St. Thomas,St. Paul,MN,118,39594,6240,-93.1897,44.9431,https://www.stthomas.edu/,1885,,,,
The Catholic University of America,Washington,DC,124,42536,3480,-76.9975,38.9327,http://www.cua.edu,1887,11,23750464,98,98
DePaul University,Chicago,IL,124,37626,15961,-87.6275,41.8782,http://www.depaul.edu/pages/default.aspx,1898,17,62751712,98,97
Duquesne University,Pittsburgh,PA,124,35062,5961,-79.9939,40.4381,http://www.duq.edu,1878,13,30975668,100,100
Howard University,Washington,DC,124,24908,6883,-77.0211,38.9227,http://www.howard.edu,1867,12,42564951,98,98
University of Arizona,Tucson,AZ,124,30025,33732,-110.9698,32.2216,http://www.arizona.edu,1885,15,81922534,95,93
Arizona State University--Tempe,Tempe,AZ,129,25458,41828,-111.9281,33.4242,https://www.asu.edu/,1885,,,,
Clarkson University,Potsdam,NY,129,46132,3257,-74.9941,44.667,http://www.clarkson.edu,1896,13,30788988,100,100
Colorado State University,Fort Collins,CO,129,28374,24433,-105.0865,40.5734,https://www.colostate.edu/,1870,,,,
New School,New York,NY,129,45535,6792,-73.9966,40.7355,http://www.newschool.edu,1919,9,25406466,84,84
Hofstra University,Hempstead,NY,133,42160,6824,-73.6228,40.7099,http://hofstra.edu,1935,13,42852227,98,97
University of Kentucky,Lexington,KY,133,26334,22705,-84.5003,38.0486,http://www.uky.edu,1865,16,57761910,95,93
Kansas State University,Manhattan,KS,135,23429,19859,-96.5618,39.1788,http://www.k-state.edu,1863,18,21834511,88,82
Louisiana State University--Baton Rouge,Baton Rouge,LA,135,27005,26156,-91.18,30.4133,https://www.lsu.edu/,1860,,,,
Mercer University,Macon,GA,135,35130,4667,-83.648,32.8322,http://www.mercer.edu,1833,14,28611454,100,100
New Jersey Institute of Technology,Newark,NJ,135,30326,8008,-74.1826,40.7438,http://www.njit.edu,1881,15,18107118,93,86
Rutgers University--Newark,Newark,NJ,135,29480,7713,-74.1728,40.7419,https://www.newark.rutgers.edu/,1766,,,,
University of Arkansas,Fayetteville,AR,135,23168,22159,-94.1579,36.0632,http://www.uark.edu,1871,19,21855127,87,84
University of Cincinnati,Cincinnati,OH,135,26334,25054,-84.5614,39.1256,http://www.uc.edu,1819,19,25238162,93,91
University of Mississippi,Lafayette,MS,135,22012,18785,-89.5302,34.37,http://www.olemiss.edu,1844,16,30638509,87,82
George Mason University,Fairfax,VA,143,32582,23062,-77.3109,38.835,http://www.gmu.edu,1949,17,22926441,75,62
Oregon State University,Corvallis,OR,143,28846,24612,-123.282,44.5645,http://oregonstate.edu,1868,18,18537198,88,80
Washington State University,Pullman,WA,143,25673,24470,-117.1815,46.7302,http://www.wsu.edu,1890,16,38822168,92,87
Adelphi University,Garden City,NY,146,34034,4852,-73.6369,40.7261,http://www.adelphi.edu,1896,12,24087209,92,91
Ohio University,Athens,OH,146,21208,23513,-82.1044,39.3285,http://www.ohio.edu,1804,16,23005829,95,88
San Diego State University,San Diego,CA,146,18244,29234,-117.0719,32.7723,http://www.sdsu.edu,1897,27,23021824,61,47
St. John Fisher College,Rochester,NY,146,31880,2805,-77.5112,43.1139,https://www.sjf.edu/,1948,,,,
University at Albany--SUNY,Albany,NY,146,22244,12908,-73.8248,42.685,https://www.albany.edu/,1844,,,,
University of Texas--Dallas,Dallas,TX,146,33654,15575,-96.7502,32.9857,https://www.utdallas.edu/,1969,,,,
Illinois State University,Normal,IL,152,20886,18426,-88.9941,40.5108,http://www.illinoisstate.edu,1857,19,34820222,94,89
Immaculata University,East Whiteland Township,PA,152,35210,1790,-75.5685,40.0279,https://www.immaculata.edu/,1920,,,,
Oklahoma State University,Stillwater,OK,152,20978,21046,-97.0587,36.1163,http://okstate.edu,1890,18,33859117,92,86
University of California--Merced,Merced,CA,152,39944,6237,-120.4241,37.3647,https://www.ucmerced.edu/,2005,,,,
University of Illinois--Chicago,Chicago,IL,152,26526,17575,-87.6484,41.8686,https://www.uic.edu/,1859,,,,
University of La Verne,La Verne,CA,152,39900,2864,-117.7716,34.1002,https://laverne.edu/,1891,,,,
University of Massachusetts--Lowell,Lowell,MA,152,29125,13266,-71.3247,42.6553,https://www.uml.edu/,1894,,,,
Seattle Pacific University,Seattle,WA,159,38940,3202,-122.3609,47.6497,http://www.spu.edu,1891,13,20304637,99,99
University of Alabama--Birmingham,Birmingham,AL,159,17654,11511,-86.8057,33.502,https://www.uab.edu/home/,1969,,,,
University of Maryland--Baltimore County,Baltimore,MD,159,24492,11243,-76.7115,39.2498,https://umbc.edu/,1966,,,,
University of Rhode Island,Kingston,RI,159,28852,13641,-71.5217,41.48,http://www.uri.edu,1892,17,34449621,98,90
University of South Florida,Tampa,FL,159,17325,31111,-82.413,28.0546,http://www.usf.edu,1956,22,52644051,92,89
Biola University,La Mirada,CA,164,36696,4225,-118.0156,33.9063,https://www.biola.edu/,1908,,,,
Maryville University of St. Louis,St. Louis,MO,164,27958,2795,-90.5037,38.6462,https://www.maryville.edu/,1872,,,,
Missouri University of Science & Technology,Rolla,MO,164,26152,6841,-91.7756,37.9537,https://www.mst.edu/,1870,,,,
St. John's University,Queens,NY,164,39460,16210,-73.7956,40.7219,https://www.stjohns.edu/,1870,,,,
Virginia Commonwealth University,Richmond,VA,164,31608,24051,-77.4525,37.5493,http://www.vcu.edu,1838,18,40918621,83,73
Union University,Jackson,TN,169,30420,2829,-88.8602,35.677,https://www.uu.edu/,1823,,,,
University of Hawaii--Manoa,Honolulu,HI,169,33764,13689,-157.8148,21.2998,https://manoa.hawaii.edu/,1907,,,,
Edgewood College,Madison,WI,171,27530,1813,-89.4234,43.0607,https://www.edgewood.edu/,1927,,,,
Florida Institute of Technology,Melbourne,FL,171,40446,3586,-80.623,28.0647,https://www.fit.edu/,1958,,,,
University of Idaho,Moscow,ID,171,22040,9116,-117.0398,46.8208,http://www.uidaho.edu,1889,16,14633630,99,96
University of Louisville,Louisville,KY,171,24626,15769,-85.7621,38.2154,http://louisville.edu,1798,19,28475777,98,96
University of Wyoming,Laramie,WY,171,16215,10045,-105.5857,41.3124,http://www.uwyo.edu,1886,14,14017953,95,89
Ball State University,Muncie,IN,176,25428,16602,-85.4095,40.1976,http://cms.bsu.edu,1918,14,37014896,90,76
Lipscomb University,Nashville,TN,176,29756,3030,-86.8202,36.1478,http://https://www.lipscomb.edu,1891,14,13972720,99,99
Mississippi State University,Mississippi State,MS,176,20142,17421,-89.8737,32.5851,http://www.msstate.edu,1878,16,44017359,98,98
Montclair State University,Montclair,NJ,176,20318,16336,-74.1949,40.8564,http://www.montclair.edu,1908,18,20242277,82,62
Texas Tech University,Lubbock,TX,176,22861,29237,-101.8559,33.5923,http://www.texastech.edu,1923,19,37108725,86,80
University of Central Florida,Orlando,FL,176,22467,54513,-81.3597,28.4939,http://www.ucf.edu,1963,31,66237034,94,90
University of New Mexico,Albuquerque,NM,176,21302,20522,-106.6486,35.0842,http://www.unm.edu,1889,19,15803429,96,96
Andrews University,Berrien Springs,MI,183,27684,1733,-86.3599,41.9648,https://www.andrews.edu/,1874,,,,
Azusa Pacific University,Azusa,CA,183,36120,5883,-117.9059,34.1336,http://www.apu.edu,1899,10,16614657,95,94
University of Maine,Orono,ME,183,29498,9297,-68.6688,44.9019,https://umaine.edu/,1865,,,,
West Virginia University,Morgantown,WV,183,21432,22498,-79.8751,39.5131,http://www.wvu.edu,1867,21,41150449,95,85
Widener University,Chester,PA,183,42870,3554,-75.3576,39.8616,https://www.widener.edu/,1821,,,,
Kent State University,Kent,OH,188,18376,23607,-81.3433,41.1498,https://www.kent.edu/,1910,,,,
North Dakota State University,Fargo,ND,188,19790,12037,-96.8,46.8918,http://www.ndsu.edu,1890,19,8565382,95,78
Pace University,New York,NY,188,42772,8747,-74.0058,40.7116,http://www.pace.edu,1906,14,57422148,96,96
Robert Morris University,Pittsburgh,PA,188,28250,4497,-80.2202,40.5216,https://www.rmu.edu/,1921,,,,
Suffolk University,Boston,MA,188,35578,5565,-71.0611,42.3579,https://www.suffolk.edu/,1906,,,,
University of Hartford,West Hartford,CT,188,37790,5246,-72.7138,41.7985,https://www.hartford.edu/,1957,,,,
Bowling Green State University,Bowling Green,OH,194,18332,14334,-83.6301,41.3798,https://www.bgsu.edu/,1910,,,,
University of Houston,Houston,TX,194,25410,34716,-95.3698,29.7605,http://www.uh.edu,1927,23,43353505,94,93
Western Michigan University,Kalamazoo,MI,194,25713,18567,-85.6103,42.2837,https://wmich.edu/,1903,,,,
Indiana University-Purdue University--Indianapolis,Indianapolis,IN,197,29791,21985,-86.1773,39.775,https://www.iupui.edu/,1969,,,,
Lesley University,Cambridge,MA,197,25750,1520,-71.1176,42.3812,https://lesley.edu/,1909,,,,
University of Alabama--Huntsville,Huntsville,AL,197,20622,6013,-86.6405,34.7252,https://www.uah.edu/,1950,,,,
University of Colorado--Denver,Denver,CO,197,29334,14036,-105.0023,39.7464,https://www.ucdenver.edu/,1912,,,,
University of Nevada--Reno,Reno,NV,197,21052,17770,-119.8142,39.5437,https://www.unr.edu/,1874,,,,
California State University--Fullerton,Fullerton,CA,202,17596,33144,-117.8851,33.8823,http://www.fullerton.edu/,1957,,,,
Central Michigan University,Mount Pleasant,MI,202,23670,20498,-84.7756,43.5907,https://www.cmich.edu/,1892,,,,
Louisiana Tech University,Ruston,LA,202,25851,10682,-92.6398,32.5305,http://www.latech.edu,1894,23,22656637,99,98
South Dakota State University,Brookings,SD,202,11403,11007,-96.7835,44.3191,https://www.sdstate.edu/,1881,,,,
University of Alaska--Fairbanks,Fairbanks,AK,202,22469,7610,-147.8341,64.8556,https://www.uaf.edu/,1917,,,,
University of North Carolina--Charlotte,Charlotte,NC,202,20193,22732,-80.7352,35.3071,https://www.charlotte.edu/,1946,,,,
University of North Dakota,Grand Forks,ND,202,18899,11577,-97.0709,47.9217,http://und.edu,1883,17,8117000,95,89
University of South Dakota,Vermillion,SD,202,11688,7435,-96.9258,42.7825,http://www.usd.edu,1862,15,5109281,92,80
East Carolina University,Greenville,NC,210,22904,23039,-77.3725,35.6111,http://www.ecu.edu,1907,19,20015077,81,64
Montana State University,Bozeman,MT,210,23042,13707,-111.0332,45.6793,http://www.montana.edu,1893,17,18153533,92,91
Old Dominion University,Norfolk,VA,210,27028,20101,-76.303,36.8889,http://odu.edu,1930,18,22291745,93,93
University of Missouri--Kansas City,Kansas City,MO,210,22714,11253,-94.5775,39.0333,https://www.umkc.edu/,1933,,,,
Ashland University,Ashland,OH,214,20392,3716,-82.3232,40.8618,https://www.ashland.edu/,1878,,,,
Dallas Baptist University,Dallas,TX,214,26180,3315,-96.9467,32.7095,https://www.dbu.edu/,1898,,,,
Northern Illinois University,DeKalb,IL,214,23799,15027,-88.7734,41.9351,https://www.niu.edu/,1895,,,,
Nova Southeastern University,Davie,FL,214,27660,4641,-80.2457,26.0786,https://www.nova.edu/,1964,,,,
Southern Illinois University--Carbondale,Carbondale,IL,214,27130,13031,-89.223,37.708,https://siu.edu/,1869,,,,
University of Montana,Missoula,MT,214,24562,8732,-113.9846,46.8619,https://www.umt.edu/,1893,,,,
Benedictine University,Lisle,IL,220,32170,3347,-88.0953,41.7784,https://ben.edu/,1887,,,,
California State University--Fresno,Fresno,CA,220,17209,21482,-119.7462,36.8137,https://www.fresnostate.edu/,1911,,,,
Gardner-Webb University,Boiling Springs,NC,220,29850,2615,-81.6707,35.2475,https://gardner-webb.edu/,1905,,,,
New Mexico State University,Las Cruces,NM,220,21234,12526,-106.7527,32.2752,http://www.nmsu.edu,1888,16,24554327,99,98
Shenandoah University,Winchester,VA,220,31322,2010,-78.1588,39.1667,https://www.su.edu/,1875,,,,
Tennessee Technological University,Cookeville,TN,220,24800,9801,-85.5016,36.1628,http://www.tntech.edu,1915,18,13968673,98,98
University of Massachusetts--Boston,Boston,MA,220,32023,12949,-71.042,42.3142,https://www.umb.edu/,1964,,,,
University of Massachusetts--Dartmouth,Dartmouth,MA,220,19270,7295,-71.0054,41.6269,https://www.umassd.edu/,1895,,,,
University of Missouri--St. Louis,St. Louis,MO,220,26277,13569,-90.3083,38.7092,https://www.umsl.edu/,1963,,,,
University of North Carolina--Greensboro,Greensboro,NC,220,21595,15951,-79.8102,36.0689,https://www.uncg.edu/,1891,,,,
University of Southern Mississippi,Hattiesburg,MS,220,16094,11840,-89.3335,31.3299,https://www.usm.edu/,1910,,,,
Utah State University,Logan,UT,220,19772,25259,-111.8348,41.7362,http://www.usu.edu,1888,19,31964416,87,82
=======
Name,city,state_code,Rank_USNewsWorldReport,TuitionFees,InState,Undergrad_Enrollment,total_student_population,campusSetting,longitude,latitude,website,,region,yearFounded,collegeType,carnegieClassification,studentFacultyRatio,totalGrantAid,percentOfStudentsFinAid,percentOfStudentsGrant
Princeton University,Princeton,NJ,1,45320,,5402,8532,Urban,-74.6591,40.3499,http://www.princeton.edu,,Northeast,1746,Private not-for-profit,Doctoral Universities: Very High Research Activity,4,44871096,62,61
Harvard University,Cambridge,MA,2,47074,,6699,41024,Urban,-71.1130,42.3747,http://www.harvard.edu,,Northeast,1636,Private not-for-profit,Doctoral Universities: Very High Research Activity,5,54635593,72,57
University of Chicago,Chicago,IL,3,52491,,5844,20413,Urban,-87.6012,41.7902,http://www.uchicago.edu,,Midwest,1890,Private not-for-profit,Doctoral Universities: Very High Research Activity,5,40317227,57,52
Yale University,New Haven,CT,3,49480,,5532,14910,Urban,-72.9234,41.3140,http://www.yale.edu,,Northeast,1701,Private not-for-profit,Doctoral Universities: Very High Research Activity,4,48430359,61,53
Columbia University,New York,NY,5,55056,,6102,33882,Urban,-73.9613,40.8065,http://www.columbia.edu,,Northeast,1754,Private not-for-profit,Doctoral Universities: Very High Research Activity,6,44615007,58,54
Stanford University,Stanford,CA,5,47940,,6999,20961,Suburban,-122.1689,37.4314,http://www.stanford.edu,,West,1891,Private not-for-profit,Doctoral Universities: Very High Research Activity,4,51328461,70,55
Massachusetts Institute of Technology,Cambridge,MA,7,48452,,4527,12195,Urban,-71.0935,42.3590,http://web.mit.edu,,Northeast,1861,Private not-for-profit,Doctoral Universities: Very High Research Activity,3,35299332,75,60
Duke University,Durham,NC,8,51265,,6639,17855,Urban,-78.9403,36.0014,http://www.duke.edu,,South,1924,Private not-for-profit,Doctoral Universities: Very High Research Activity,6,41087604,63,47
University of Pennsylvania,Philadelphia,PA,8,51464,,9726,30688,Urban,-75.1624,39.9523,http://www.upenn.edu,,Northeast,1740,Private not-for-profit,Doctoral Universities: Very High Research Activity,6,59744979,57,47
Johns Hopkins University,Baltimore,MD,10,50410,,6524,34250,Urban,-76.6096,39.2906,http://www.jhu.edu,,,1876,Private not-for-profit,Doctoral Universities: Very High Research Activity,6,41160533,65,57
Dartmouth College,Hanover,NH,11,51438,,4307,7171,Rural,-72.2895,43.7005,http://www.dartmouth.edu,,Northeast,1769,Private not-for-profit,Doctoral Universities: Very High Research Activity,7,27997693,58,45
California Institute of Technology,Pasadena,CA,12,47577,,1001,2319,Urban,-118.1259,34.1359,http://www.caltech.edu,,West,1891,Private not-for-profit,Doctoral Universities: Very High Research Activity,3,6455026,74,57
Northwestern University,Evanston,IL,12,50855,,8314,25870,Urban,-87.6787,42.0497,http://www.northwestern.edu,,Midwest,1851,Private not-for-profit,Doctoral Universities: Very High Research Activity,6,61176584,66,61
Brown University,Providence,RI,14,51367,,6652,10807,Urban,-71.4497,41.8582,http://www.brown.edu,,Northeast,1764,Private not-for-profit,Doctoral Universities: Very High Research Activity,6,36177528,55,44
Cornell University,Ithaca,NY,15,50953,,14315,24594,Urban,-76.4845,42.4536,http://www.cornell.edu,,Northeast,1865,Private not-for-profit,Doctoral Universities: Very High Research Activity,9,70971547,59,47
Rice University,Houston,TX,15,43918,,3910,8005,Urban,-95.3698,29.7605,http://www.rice.edu,,South,1891,Private not-for-profit,Doctoral Universities: Very High Research Activity,6,27486883,70,60
University of Notre Dame,Notre Dame,IN,15,49685,,8462,13268,Suburban,-86.2392,41.7007,http://www.nd.edu,,Midwest,1842,Private not-for-profit,Doctoral Universities: Very High Research Activity,9,50856461,68,56
Vanderbilt University,Nashville,TN,15,45610,,6883,13918,Urban,-86.8015,36.1503,http://www.vanderbilt.edu,,South,1873,Private not-for-profit,Doctoral Universities: Very High Research Activity,8,47391010,67,62
Washington University in St. Louis,St. Louis,MO,19,49770,,7504,17893,Suburban,-90.3013,38.6478,http://www.wustl.edu,,Midwest,1853,Private not-for-profit,Doctoral Universities: Very High Research Activity,7,39741443,54,46
Emory University,Atlanta,GA,20,47954,,6867,15970,Urban,-84.3257,33.7898,http://www.emory.edu,,South,1836,Private not-for-profit,Doctoral Universities: Very High Research Activity,9,34494686,58,53
Georgetown University,Washington,DC,20,50547,,7562,22720,Urban,-77.0290,38.8991,http://www.georgetown.edu,,Northeast,1789,Private not-for-profit,Doctoral Universities: Very High Research Activity,11,31716749,54,44
University of California--Berkeley,Berkeley,CA,20,40191,13509,27496,,,-122.2591,37.8720,https://www.berkeley.edu/,,,1868,,,,,,
University of Southern California,Los Angeles,CA,23,52217,,18810,52376,Urban,-118.2828,34.0192,http://www.usc.edu,,West,1880,Private not-for-profit,Doctoral Universities: Very High Research Activity,9,77361905,70,65
Carnegie Mellon University,Pittsburgh,PA,24,52040,,6454,15567,Urban,-79.9431,40.4446,http://www.cmu.edu,,Northeast,1900,Private not-for-profit,Doctoral Universities: Very High Research Activity,5,29629565,60,50
University of California--Los Angeles,Los Angeles,CA,24,39518,12836,29585,,,-122.2584,37.8719,https://www.ucla.edu/,,,1919,,,,,,
University of Virginia,Charlottesville,VA,24,45066,15722,16736,29237,Suburban,-78.5810,38.0787,http://www.virginia.edu,,South,1819,Public,Doctoral Universities: Very High Research Activity,15,34787367,60,39
Tufts University,Medford,MA,27,52430,,5290,13458,Suburban,-71.1088,42.4198,http://www.tufts.edu,,Northeast,1852,Private not-for-profit,Doctoral Universities: Very High Research Activity,10,26409169,44,38
University of Michigan--Ann Arbor,Ann Arbor,MI,27,43476,13856,28312,,,-83.7382,42.2780,https://umich.edu/,,,1817,,,,,,
Wake Forest University,Winston-Salem,NC,27,49308,,4871,9266,Urban,-80.2740,36.1368,http://www.wfu.edu,,South,1834,Private not-for-profit,Doctoral Universities: High Research Activity,11,22194015,44,34
University of North Carolina--Chapel Hill,Chapel Hill,NC,30,33916,8834,18415,,,-79.0468,35.9046,https://www.unc.edu/,,,1789,,,,,,
Boston College,Chestnut Hill,MA,31,51296,,9192,16502,Urban,-71.1646,42.3261,http://www.bc.edu,,Northeast,1863,Private not-for-profit,Doctoral Universities: Very High Research Activity,14,48015609,56,45
College of William & Mary,Williamsburg,VA,32,41718,18687,6301,,,-76.7166,37.2711,https://www.wm.edu/,,,1693,,,,,,
University of Rochester,Rochester,NY,32,50142,,6304,14171,Urban,-77.6199,43.1330,http://www.rochester.edu,,Northeast,1850,Private not-for-profit,Doctoral Universities: Very High Research Activity,10,47735154,83,82
Brandeis University,Waltham,MA,34,51570,,3621,6403,Urban,-71.2550,42.3659,http://www.brandeis.edu,,Northeast,1948,Private not-for-profit,Doctoral Universities: Very High Research Activity,10,19437305,72,69
Georgia Institute of Technology,Atlanta,GA,34,32404,12212,15142,43217,Urban,-84.3944,33.7713,http://www.gatech.edu,,South,1885,Public,Doctoral Universities: Very High Research Activity,19,27952964,73,70
New York University,New York,NY,36,49062,,25722,58361,Urban,-73.9972,40.7298,http://www.nyu.edu,,Northeast,1831,Private not-for-profit,Doctoral Universities: Very High Research Activity,8,98732499,65,60
Case Western Reserve University,Cleveland,OH,37,46006,,5121,12298,Urban,-81.6090,41.5060,http://www.case.edu,,Midwest,1826,Private not-for-profit,Doctoral Universities: Very High Research Activity,11,40564474,90,88
University of California--Santa Barbara,Santa Barbara,CA,37,40704,14022,20607,,,-119.8489,34.4140,https://www.ucsb.edu/,,,1891,,,,,,
Boston University,Boston,MA,39,50240,,17932,42047,Urban,-71.0988,42.3502,http://www.bu.edu,,Northeast,1839,Private not-for-profit,Doctoral Universities: Very High Research Activity,10,68722830,53,48
Northeastern University,Boston,MA,39,47655,,13697,30003,Urban,-71.0890,42.3403,http://www.northeastern.edu,,Northeast,1898,Private not-for-profit,Doctoral Universities: Very High Research Activity,14,84882594,82,80
Rensselaer Polytechnic Institute,Troy,NY,39,50797,,5864,8256,Urban,-73.6840,42.7314,http://www.rpi.edu,,Northeast,1824,Private not-for-profit,Doctoral Universities: Very High Research Activity,17,48771095,88,88
Tulane University,New Orleans,LA,39,51010,,6662,14652,Urban,-90.1240,29.9354,http://www.tulane.edu,,South,1834,Private not-for-profit,Doctoral Universities: Very High Research Activity,8,40554223,80,79
University of California--Irvine,Irvine,CA,39,39458,14750,25256,,,-117.8443,33.6405,https://uci.edu/,,,1965,,,,,,
Lehigh University,Bethlehem,PA,44,48320,,5075,7445,Urban,-75.3789,40.6072,http://www4.lehigh.edu/default.aspx,,Northeast,1865,Private not-for-profit,Doctoral Universities: High Research Activity,9,30545970,69,51
University of California--Davis,Davis,CA,44,40728,14046,28384,,,-121.7405,38.5449,https://www.ucdavis.edu/,,,1905,,,,,,
University of California--San Diego,San Diego,CA,44,41387,14705,26590,,,-117.0719,32.7748,https://ucsd.edu/,,,1960,,,,,,
University of Illinois--Urbana-Champaign,Champaign,IL,44,31320,15698,33368,,,-88.2283,40.1106,https://illinois.edu/,,,1867,,,,,,
University of Miami,Miami,FL,44,47004,,11122,,,-80.2781,25.7174,https://welcome.miami.edu/,,,1925,,,,,,
University of Wisconsin--Madison,Madison,WI,44,32738,10488,31662,,,-89.4012,43.0731,https://www.wisc.edu/,,,1848,,,,,,
Pepperdine University,Malibu,CA,50,50022,,3533,10579,Suburban,-118.6896,34.0362,http://www.pepperdine.edu,,West,1937,Private not-for-profit,Doctoral/Professional Universities,13,19903186,96,96
University of Florida,Gainesville,FL,50,28666,6389,35043,58857,Urban,-82.3232,29.6520,http://www.ufl.edu,,,1853,Public,Doctoral Universities: Very High Research Activity,17,69127340,91,89
Villanova University,Villanova,PA,50,49280,,6994,12231,Suburban,-75.3486,40.0358,http://www.villanova.edu,,Northeast,1842,Private not-for-profit,Doctoral Universities: High Research Activity,11,31714953,64,54
Pennsylvania State University--University Park,State College,PA,50,32382,17900,40742,,,-77.8599,40.7982,https://www.psu.edu/,,,1855,,,,,,
Ohio State University--Columbus,Columbus,OH,54,29229,10037,45289,,,-83.0148,39.9993,https://www.osu.edu/,,,1870,,,,,,
University of Washington,Seattle,WA,54,34791,10753,31063,,,-122.3032,47.6555,https://www.washington.edu/,,,1861,,,,,,
George Washington University,Washington,DC,56,51950,,11157,32209,Urban,-76.9735,38.9030,http://www.gwu.edu,,Northeast,1821,Private not-for-profit,Doctoral Universities: Very High Research Activity,13,63297253,72,71
Southern Methodist University,Dallas,TX,56,50358,,6411,12963,Suburban,-96.7857,32.8444,http://www.smu.edu,,South,1911,Private not-for-profit,Doctoral Universities: High Research Activity,11,40437904,78,75
University of Georgia,Athens,GA,56,29844,11634,27547,42941,Urban,-83.3935,33.9252,http://www.uga.edu,,South,1785,Public,Doctoral Universities: Very High Research Activity,17,56378523,92,90
University of Texas--Austin,Austin,TX,56,34676,9806,39619,,,-97.7341,30.2849,https://www.utexas.edu/,,,1883,,,,,,
Fordham University,Bronx,NY,60,47317,,8855,19139,Urban,-73.9232,40.8257,http://www.fordham.edu,,Northeast,1841,Private not-for-profit,Doctoral Universities: High Research Activity,13,64695360,92,91
Purdue University--West Lafayette,West Lafayette,IN,60,28804,10002,29497,,,-86.9081,40.4259,https://www.purdue.edu/,,,1869,,,,,,
Syracuse University,Syracuse,NY,60,45022,,15196,38868,Urban,-76.1474,43.0500,http://syracuse.edu,,Northeast,1870,Private not-for-profit,Doctoral Universities: Very High Research Activity,15,80616960,88,86
University of Connecticut,Storrs,CT,60,35858,14066,18826,29818,Suburban,-72.2501,41.8085,http://uconn.edu,,Northeast,1881,Public,Doctoral Universities: Very High Research Activity,16,34234946,77,67
University of Maryland--College Park,College Park,MD,60,32045,10181,27443,,,-76.9378,38.9897,https://www.umd.edu/,,,1856,,,,,,
Worcester Polytechnic Institute,Worcester,MA,60,46994,,4299,7654,Urban,-71.8078,42.2727,http://www.wpi.edu,,Northeast,1865,Private not-for-profit,Doctoral Universities: High Research Activity,13,28031500,100,99
Clemson University,Clemson,SC,66,32796,14240,18016,28933,Suburban,-82.8389,34.6769,http://www.clemson.edu,,South,1889,Public,Doctoral Universities: Very High Research Activity,16,33917026,89,85
Yeshiva University,New York,NY,66,40670,,2744,6174,Urban,-73.9294,40.8506,http://www.yu.edu,,Northeast,1886,Private not-for-profit,Doctoral Universities: High Research Activity,7,13662852,87,86
Brigham Young University--Provo,Provo,UT,68,5300,,30221,,,-111.6585,40.2338,https://www.byu.edu/,,,1875,,,,,,
University of Pittsburgh,Pittsburgh,PA,68,29758,18618,18908,35563,Urban,-79.9975,40.4383,http://www.pitt.edu,,Northeast,1787,Public,Doctoral Universities: Very High Research Activity,14,34485031,78,63
Rutgers University--New Brunswick,New Brunswick,NJ,70,30023,14372,35484,,,-74.4381,40.5237,https://newbrunswick.rutgers.edu/,,,1766,,,,,,
Baylor University,Waco,TX,71,42006,,14189,19632,Urban,-97.2789,31.4867,http://www.baylor.edu,,South,1845,Private not-for-profit,Doctoral Universities: High Research Activity,15,77376398,95,93
Stevens Institute of Technology,Hoboken,NJ,71,48838,,2873,8158,Suburban,-74.0273,40.7420,http://www.stevens.edu/sit,,Northeast,1870,Private not-for-profit,Doctoral Universities: High Research Activity,12,29076665,99,99
University of Minnesota--Twin Cities,Minneapolis,MN,71,22210,13790,34071,,,-93.2277,44.9740,https://twin-cities.umn.edu/,,,1851,,,,,,
American University,Washington,DC,74,44853,,7909,16032,Urban,-77.0867,38.9385,http://www.american.edu,,Northeast,1893,Private not-for-profit,Doctoral Universities: High Research Activity,11,29292043,74,57
Clark University,Worcester,MA,74,43150,,2397,,,-71.8201,42.2499,https://www.clarku.edu/,,,1887,,,,,,
Texas A&M University--College Station,College Station,TX,74,28768,10176,48960,,,-96.3686,30.5669,https://www.tamu.edu/,,,1876,,,,,,
University of Massachusetts--Amherst,Amherst,MA,74,30123,13790,22748,,,-72.5254,42.3863,https://www.umass.edu/,,,1863,,,,,,
Virginia Tech,Blacksburg,VA,74,29371,12852,25384,38350,Urban,-80.4106,37.2263,http://vt.edu,,,1872,Public,Doctoral Universities: Very High Research Activity,14,30506575,66,59
Miami University--Oxford,Oxford,OH,79,31592,14288,16387,,,-84.7345,39.5087,https://miamioh.edu/,,,1809,,,,,,
University of California--Santa Cruz,Santa Cruz,CA,79,40241,13559,16231,,,-122.0593,36.9821,https://www.ucsc.edu/,,,1965,,,,,,
University of Delaware,Newark,DE,79,31420,12520,18322,26527,Suburban,-75.7536,39.6776,http://www.udel.edu,,Northeast,1743,Public,Doctoral Universities: Very High Research Activity,15,45896491,89,85
Colorado School of Mines,Golden,CO,82,34828,17383,4608,7092,Suburban,-105.2223,39.7512,http://www.mines.edu,,West,1874,Public,Doctoral Universities: High Research Activity,17,12324552,90,83
Michigan State University,East Lansing,MI,82,39090,14070,39143,55406,Urban,-84.4798,42.7305,http://www.msu.edu,,Midwest,1855,Public,Doctoral Universities: Very High Research Activity,16,62753112,71,57
Texas Christian University,Fort Worth,TX,82,42670,,8894,11506,Urban,-97.3292,32.7486,http://www.tcu.edu,,South,1873,Private not-for-profit,Doctoral Universities: High Research Activity,13,44462458,82,74
University of Iowa,Iowa City,IA,82,28413,8325,23357,34495,Urban,-91.5365,41.6625,http://www.uiowa.edu,,Midwest,1847,Public,Doctoral Universities: Very High Research Activity,16,37489127,87,72
Binghamton University--SUNY,Binghamton,NY,86,22164,9044,13491,,,-75.9695,42.0894,https://www.binghamton.edu/,,,1946,,,,,,
Indiana University--Bloomington,Bloomington,IN,86,34246,10388,38364,,,-86.5230,39.1682,https://www.indiana.edu/,,,1820,,,,,,
Marquette University,Milwaukee,WI,86,38470,,8334,12601,Urban,-87.9068,43.0418,http://www.marquette.edu,,Midwest,1881,Private not-for-profit,Doctoral Universities: High Research Activity,13,50489177,100,100
University of Denver,Denver,CO,86,46362,,5758,15412,Urban,-104.9594,39.6767,http://www.du.edu,,West,1864,Private not-for-profit,Doctoral Universities: High Research Activity,11,37315415,90,89
University of San Diego,San Diego,CA,86,46140,,5647,10181,Urban,-117.1850,32.7717,http://www.sandiego.edu,,West,1949,Private not-for-profit,Doctoral Universities: High Research Activity,13,29932306,82,79
University of Tulsa,Tulsa,OK,86,38796,,3478,4546,Urban,-95.9461,36.1496,http://www.utulsa.edu,,South,1894,Private not-for-profit,Doctoral Universities: High Research Activity,10,27921673,99,99
Florida State University,Tallahassee,FL,92,24673,9507,32706,47836,Urban,-84.2108,30.3867,http://www.fsu.edu,,South,1851,Public,Doctoral Universities: Very High Research Activity,21,66632849,96,95
North Carolina State University--Raleigh,Raleigh,NC,92,26399,8880,24111,,,-78.6821,35.7847,https://www.ncsu.edu/,,,1887,,,,,,
University of Colorado--Boulder,Boulder,CO,92,35079,11531,27010,,,-105.2659,40.0076,https://www.colorado.edu/,,,1876,,,,,,
University of Vermont,Burlington,VT,92,40364,17300,10973,15903,Urban,-73.2006,44.4745,http://www.uvm.edu,,Northeast,1791,Public,Doctoral Universities: High Research Activity,16,46200374,96,95
Drexel University,Philadelphia,PA,96,51030,,14138,27720,Urban,-75.1866,39.9537,http://www.drexel.edu,,Northeast,1891,Private not-for-profit,Doctoral Universities: Very High Research Activity,11,96187904,100,100
Saint Louis University,St. Louis,MO,96,40726,,8248,14756,Urban,-90.2338,38.6345,http://www.slu.edu,,Midwest,1818,Private not-for-profit,Doctoral Universities: High Research Activity,9,64544919,98,98
Stony Brook University--SUNY,Stony Brook,NY,96,26266,9026,16831,,,-73.1240,40.9048,https://www.stonybrook.edu/,,,1957,,,,,,
Auburn University,Auburn,AL,99,28840,10696,21786,32840,Urban,-85.4817,32.6075,http://www.auburn.edu,,South,1856,Public,Doctoral Universities: Very High Research Activity,20,29534482,74,67
Loyola University Chicago,Chicago,IL,99,41384,,11079,19692,Urban,-87.6573,41.9983,http://www.luc.edu,,Midwest,1870,Private not-for-profit,Doctoral Universities: High Research Activity,14,60213922,99,98
SUNY College of Environmental Science and Forestry,Syracuse,NY,99,17620,7770,1839,,,-76.1366,43.0345,https://www.esf.edu/,,,1911,,,,,,
University at Buffalo--SUNY,Buffalo,NY,99,26270,9770,19951,,,-78.7890,43.0008,https://www.buffalo.edu/,,,1846,,,,,,
Illinois Institute of Technology,Chicago,IL,103,45214,,2991,7261,Urban,-87.6269,41.8347,http://www.iit.edu,,Midwest,1890,Private not-for-profit,Doctoral Universities: High Research Activity,10,21734418,100,100
University of Alabama,Tuscaloosa,AL,103,26950,10470,31958,42096,Urban,-87.4747,33.1678,http://www.ua.edu,,South,1820,Public,Doctoral Universities: Very High Research Activity,20,75612520,85,78
University of Oregon,Eugene,OR,103,33442,10762,20538,24381,Urban,-123.0885,44.0499,http://www.uoregon.edu,,West,1876,Public,Doctoral Universities: Very High Research Activity,18,27686043,89,63
University of Tennessee,Knoxville,TN,103,30858,12668,21863,,,-83.9295,35.9544,https://www.utk.edu/,,,1794,,,,,,
Rochester Institute of Technology,Rochester,NY,107,38568,,12607,18231,Suburban,-77.6744,43.0847,http://www.rit.edu,,Northeast,1829,Private not-for-profit,Doctoral Universities: High Research Activity,13,65479856,99,98
University of New Hampshire,Durham,NH,107,31424,17624,13034,16001,Suburban,-70.9248,43.1342,http://www.unh.edu,,Northeast,1866,Public,Doctoral Universities: Very High Research Activity,16,32132329,95,93
University of San Francisco,San Francisco,CA,107,44494,,6782,12171,Urban,-122.4519,37.7751,http://www.usfca.edu,,West,1855,Private not-for-profit,Doctoral/Professional Universities,12,30904033,90,90
University of South Carolina,Columbia,SC,107,31282,11854,25237,38526,Urban,-81.0452,33.9986,http://www.sc.edu,,South,1801,Public,Doctoral Universities: Very High Research Activity,18,39099419,94,92
Iowa State University,Ames,IA,111,21483,7969,30034,35319,Urban,-93.6202,42.0253,http://www.iastate.edu,,Midwest,1858,Public,Doctoral Universities: Very High Research Activity,18,38950588,93,86
University of Dayton,Dayton,OH,111,40940,,8665,12544,Urban,-84.1802,39.7405,http://www.udayton.edu,,Midwest,1850,Private not-for-profit,Doctoral Universities: High Research Activity,15,54876592,97,95
University of Missouri,Columbia,MO,111,25892,9518,27812,,,-92.3277,38.9404,https://missouri.edu/,,,1839,,,,,,
University of Nebraska--Lincoln,Lincoln,NE,111,23148,8628,20182,,,-96.7005,40.8202,https://www.unl.edu/,,,1869,,,,,,
University of Oklahoma,Norman,OK,111,21451,8065,22132,,,-97.4457,35.2059,https://www.ou.edu/,,,1890,,,,,,
University of the Pacific,Stockton,CA,111,44588,,3735,,,-121.3129,37.9799,https://www.pacific.edu/,,,1851,,,,,,
University of Utah,Salt Lake City,UT,111,27039,8518,23794,38335,Urban,-111.8498,40.7654,http://www.utah.edu,,West,1850,Public,Doctoral Universities: Very High Research Activity,17,30117505,87,80
Michigan Technological University,Houghton,MI,118,30968,14634,5721,7786,Rural,-88.5514,47.1190,http://www.mtu.edu,,Midwest,1885,Public,Doctoral Universities: High Research Activity,13,17892362,99,99
Seton Hall University,South Orange,NJ,118,39258,,6090,11390,Suburban,-74.2474,40.7446,http://www.shu.edu,,Northeast,1856,Private not-for-profit,Doctoral Universities: High Research Activity,14,43765073,100,99
Temple University,Philadelphia,PA,118,25994,15688,28609,42075,Urban,-75.1624,39.9523,http://www.temple.edu,,Northeast,1884,Public,Doctoral Universities: Very High Research Activity,13,47265447,91,86
University of California--Riverside,Riverside,CA,118,40263,13581,18608,,,-117.3281,33.9737,https://www.ucr.edu/,,,1907,,,,,,
University of Kansas,Lawrence,KS,118,25932,10549,19245,30983,Urban,-95.2605,38.9561,http://www.ku.edu,,Midwest,1865,Public,Doctoral Universities: Very High Research Activity,17,32208701,85,76
University of St. Thomas,St. Paul,MN,118,39594,,6240,,,-93.1897,44.9431,https://www.stthomas.edu/,,,1885,,,,,,
The Catholic University of America,Washington,DC,124,42536,,3480,6156,Urban,-76.9975,38.9327,http://www.cua.edu,,Northeast,1887,Private not-for-profit,Doctoral Universities: High Research Activity,11,23750464,98,98
DePaul University,Chicago,IL,124,37626,,15961,25937,Urban,-87.6275,41.8782,http://www.depaul.edu/pages/default.aspx,,Midwest,1898,Private not-for-profit,Doctoral Universities: High Research Activity,17,62751712,98,97
Duquesne University,Pittsburgh,PA,124,35062,,5961,10187,Urban,-79.9939,40.4381,http://www.duq.edu,,Northeast,1878,Private not-for-profit,Doctoral Universities: High Research Activity,13,30975668,100,100
Howard University,Washington,DC,124,24908,,6883,9831,Urban,-77.0211,38.9227,http://www.howard.edu,,Northeast,1867,Private not-for-profit,Doctoral Universities: High Research Activity,12,42564951,98,98
University of Arizona,Tucson,AZ,124,30025,10872,33732,49966,Urban,-110.9698,32.2216,http://www.arizona.edu,,West,1885,Public,Doctoral Universities: Very High Research Activity,15,81922534,95,93
Arizona State University--Tempe,Tempe,AZ,129,25458,10158,41828,,,-111.9281,33.4242,https://www.asu.edu/,,,1885,,,,,,
Clarkson University,Potsdam,NY,129,46132,,3257,4697,Rural,-74.9941,44.6670,http://www.clarkson.edu,,Northeast,1896,Private not-for-profit,Doctoral Universities: High Research Activity,13,30788988,100,100
Colorado State University,Fort Collins,CO,129,28374,11080,24433,,,-105.0865,40.5734,https://www.colostate.edu/,,,1870,,,,,,
New School,New York,NY,129,45535,,6792,12046,Urban,-73.9966,40.7355,http://www.newschool.edu,,Northeast,1919,Private not-for-profit,Doctoral Universities: High Research Activity,9,25406466,84,84
Hofstra University,Hempstead,NY,133,42160,,6824,11750,Suburban,-73.6228,40.7099,http://hofstra.edu,,Northeast,1935,Private not-for-profit,Doctoral/Professional Universities,13,42852227,98,97
University of Kentucky,Lexington,KY,133,26334,11484,22705,32756,Urban,-84.5003,38.0486,http://www.uky.edu,,South,1865,Public,Doctoral Universities: Very High Research Activity,16,57761910,95,93
Kansas State University,Manhattan,KS,135,23429,9350,19859,23353,Urban,-96.5618,39.1788,http://www.k-state.edu,,Midwest,1863,Public,Doctoral Universities: Very High Research Activity,18,21834511,88,82
Louisiana State University--Baton Rouge,Baton Rouge,LA,135,27005,9842,26156,,,-91.1800,30.4133,https://www.lsu.edu/,,,1860,,,,,,
Mercer University,Macon,GA,135,35130,,4667,9933,Urban,-83.6480,32.8322,http://www.mercer.edu,,South,1833,Private not-for-profit,Doctoral Universities: High Research Activity,14,28611454,100,100
New Jersey Institute of Technology,Newark,NJ,135,30326,16108,8008,13619,Urban,-74.1826,40.7438,http://www.njit.edu,,Northeast,1881,Public,Doctoral Universities: Very High Research Activity,15,18107118,93,86
Rutgers University--Newark,Newark,NJ,135,29480,13829,7713,,,-74.1728,40.7419,https://www.newark.rutgers.edu/,,,1766,,,,,,
University of Arkansas,Fayetteville,AR,135,23168,8820,22159,30137,Urban,-94.1579,36.0632,http://www.uark.edu,,South,1871,Public,Doctoral Universities: Very High Research Activity,19,21855127,87,84
University of Cincinnati,Cincinnati,OH,135,26334,11000,25054,46140,Urban,-84.5614,39.1256,http://www.uc.edu,,Midwest,1819,Public,Doctoral Universities: Very High Research Activity,19,25238162,93,91
University of Mississippi,Lafayette,MS,135,22012,7744,18785,24309,Rural,-89.5302,34.3700,http://www.olemiss.edu,,,1844,Public,Doctoral Universities: Very High Research Activity,16,30638509,87,82
George Mason University,Fairfax,VA,143,32582,11300,23062,49755,Suburban,-77.3109,38.8350,http://www.gmu.edu,,South,1949,Public,Doctoral Universities: Very High Research Activity,17,22926441,75,62
Oregon State University,Corvallis,OR,143,28846,10366,24612,37586,Urban,-123.2820,44.5645,http://oregonstate.edu,,West,1868,Public,Doctoral Universities: Very High Research Activity,18,18537198,88,80
Washington State University,Pullman,WA,143,25673,11041,24470,35394,Rural,-117.1815,46.7302,http://www.wsu.edu,,West,1890,Public,Doctoral Universities: Very High Research Activity,16,38822168,92,87
Adelphi University,Garden City,NY,146,34034,,4852,9074,Suburban,-73.6369,40.7261,http://www.adelphi.edu,,Northeast,1896,Private not-for-profit,Doctoral/Professional Universities,12,24087209,92,91
Ohio University,Athens,OH,146,21208,11744,23513,31679,Rural,-82.1044,39.3285,http://www.ohio.edu,,Midwest,1804,Public,Doctoral Universities: High Research Activity,16,23005829,95,88
San Diego State University,San Diego,CA,146,18244,7084,29234,38336,Urban,-117.0719,32.7723,http://www.sdsu.edu,,West,1897,Public,Doctoral Universities: High Research Activity,27,23021824,61,47
St. John Fisher College,Rochester,NY,146,31880,,2805,,,-77.5112,43.1139,https://www.sjf.edu/,,,1948,,,,,,
University at Albany--SUNY,Albany,NY,146,22244,9124,12908,,,-73.8248,42.6850,https://www.albany.edu/,,,1844,,,,,,
University of Texas--Dallas,Dallas,TX,146,33654,12162,15575,,,-96.7502,32.9857,https://www.utdallas.edu/,,,1969,,,,,,
Illinois State University,Normal,IL,152,20886,13296,18426,23141,Suburban,-88.9941,40.5108,http://www.illinoisstate.edu,,Midwest,1857,Public,Doctoral Universities: High Research Activity,19,34820222,94,89
Immaculata University,East Whiteland Township,PA,152,35210,,1790,,,-75.5685,40.0279,https://www.immaculata.edu/,,,1920,,,,,,
Oklahoma State University,Stillwater,OK,152,20978,7778,21046,26463,Rural,-97.0587,36.1163,http://okstate.edu,,South,1890,Public,Doctoral Universities: Very High Research Activity,18,33859117,92,86
University of California--Merced,Merced,CA,152,39944,13262,6237,,,-120.4241,37.3647,https://www.ucmerced.edu/,,,2005,,,,,,
University of Illinois--Chicago,Chicago,IL,152,26526,13670,17575,,,-87.6484,41.8686,https://www.uic.edu/,,,1859,,,,,,
University of La Verne,La Verne,CA,152,39900,,2864,,,-117.7716,34.1002,https://laverne.edu/,,,1891,,,,,,
University of Massachusetts--Lowell,Lowell,MA,152,29125,13427,13266,,,-71.3247,42.6553,https://www.uml.edu/,,,1894,,,,,,
Seattle Pacific University,Seattle,WA,159,38940,,3202,3920,Urban,-122.3609,47.6497,http://www.spu.edu,,West,1891,Private not-for-profit,Doctoral/Professional Universities,13,20304637,99,99
University of Alabama--Birmingham,Birmingham,AL,159,17654,7766,11511,,,-86.8057,33.5020,https://www.uab.edu/home/,,,1969,,,,,,
University of Maryland--Baltimore County,Baltimore,MD,159,24492,11264,11243,,,-76.7115,39.2498,https://umbc.edu/,,,1966,,,,,,
University of Rhode Island,Kingston,RI,159,28852,12862,13641,21108,Suburban,-71.5217,41.4800,http://www.uri.edu,,Northeast,1892,Public,Doctoral Universities: High Research Activity,17,34449621,98,90
University of South Florida,Tampa,FL,159,17325,6410,31111,60343,Urban,-82.4130,28.0546,http://www.usf.edu,,South,1956,Public,Doctoral Universities: Very High Research Activity,22,52644051,92,89
Biola University,La Mirada,CA,164,36696,,4225,,,-118.0156,33.9063,https://www.biola.edu/,,,1908,,,,,,
Maryville University of St. Louis,St. Louis,MO,164,27958,,2795,,,-90.5037,38.6462,https://www.maryville.edu/,,,1872,,,,,,
Missouri University of Science & Technology,Rolla,MO,164,26152,9628,6841,,,-91.7756,37.9537,https://www.mst.edu/,,,1870,,,,,,
St. John's University,Queens,NY,164,39460,,16210,,,-73.7956,40.7219,https://www.stjohns.edu/,,,1870,,,,,,
Virginia Commonwealth University,Richmond,VA,164,31608,13076,24051,32628,Urban,-77.4525,37.5493,http://www.vcu.edu,,South,1838,Public,Doctoral Universities: Very High Research Activity,18,40918621,83,73
Union University,Jackson,TN,169,30420,,2829,,,-88.8602,35.6770,https://www.uu.edu/,,,1823,,,,,,
University of Hawaii--Manoa,Honolulu,HI,169,33764,11732,13689,,,-157.8148,21.2998,https://manoa.hawaii.edu/,,,1907,,,,,,
Edgewood College,Madison,WI,171,27530,,1813,,,-89.4234,43.0607,https://www.edgewood.edu/,,,1927,,,,,,
Florida Institute of Technology,Melbourne,FL,171,40446,,3586,,,-80.6230,28.0647,https://www.fit.edu/,,,1958,,,,,,
University of Idaho,Moscow,ID,171,22040,7232,9116,13852,Rural,-117.0398,46.8208,http://www.uidaho.edu,,West,1889,Public,Doctoral Universities: High Research Activity,16,14633630,99,96
University of Louisville,Louisville,KY,171,24626,10738,15769,25451,Urban,-85.7621,38.2154,http://louisville.edu,,South,1798,Public,Doctoral Universities: Very High Research Activity,19,28475777,98,96
University of Wyoming,Laramie,WY,171,16215,5055,10045,13616,Rural,-105.5857,41.3124,http://www.uwyo.edu,,West,1886,Public,Doctoral Universities: High Research Activity,14,14017953,95,89
Ball State University,Muncie,IN,176,25428,9654,16602,25247,Urban,-85.4095,40.1976,http://cms.bsu.edu,,Midwest,1918,Public,Doctoral Universities: High Research Activity,14,37014896,90,76
Lipscomb University,Nashville,TN,176,29756,,3030,5876,Urban,-86.8202,36.1478,http://https://www.lipscomb.edu,,South,,Private not-for-profit,Doctoral/Professional Universities,14,13972720,99,99
Mississippi State University,Mississippi State,MS,176,20142,7502,17421,24449,Rural,-89.8737,32.5851,http://www.msstate.edu,,South,1878,Public,Doctoral Universities: Very High Research Activity,16,44017359,98,98
Montclair State University,Montclair,NJ,176,20318,11771,16336,24101,Suburban,-74.1949,40.8564,http://www.montclair.edu,,Northeast,1908,Public,Doctoral Universities: High Research Activity,18,20242277,82,62
Texas Tech University,Lubbock,TX,176,22861,10622,29237,41909,Urban,-101.8559,33.5923,http://www.texastech.edu,,South,1923,Public,Doctoral Universities: Very High Research Activity,19,37108725,86,80
University of Central Florida,Orlando,FL,176,22467,6368,54513,81082,Suburban,-81.3597,28.4939,http://www.ucf.edu,,South,1963,Public,Doctoral Universities: Very High Research Activity,31,66237034,94,90
University of New Mexico,Albuquerque,NM,176,21302,7071,20522,25420,Urban,-106.6486,35.0842,http://www.unm.edu,,West,1889,Public,Doctoral Universities: Very High Research Activity,19,15803429,96,96
Andrews University,Berrien Springs,MI,183,27684,,1733,,,-86.3599,41.9648,https://www.andrews.edu/,,,1874,,,,,,
Azusa Pacific University,Azusa,CA,183,36120,,5883,10989,Suburban,-117.9059,34.1336,http://www.apu.edu,,West,1899,Private not-for-profit,Doctoral Universities: High Research Activity,10,16614657,95,94
University of Maine,Orono,ME,183,29498,10628,9297,,,-68.6688,44.9019,https://umaine.edu/,,,1865,,,,,,
West Virginia University,Morgantown,WV,183,21432,7632,22498,30045,Urban,-79.8751,39.5131,http://www.wvu.edu,,South,1867,Public,Doctoral Universities: Very High Research Activity,21,41150449,95,85
Widener University,Chester,PA,183,42870,,3554,,,-75.3576,39.8616,https://www.widener.edu/,,,1821,,,,,,
Kent State University,Kent,OH,188,18376,10012,23607,,,-81.3433,41.1498,https://www.kent.edu/,,,1910,,,,,,
North Dakota State University,Fargo,ND,188,19790,9046,12037,14384,Urban,-96.8000,46.8918,http://www.ndsu.edu,,Midwest,1890,Public,Doctoral Universities: High Research Activity,19,8565382,95,78
Pace University,New York,NY,188,42772,,8747,15486,Urban,-74.0058,40.7116,http://www.pace.edu,,Northeast,1906,Private not-for-profit,Doctoral/Professional Universities,14,57422148,96,96
Robert Morris University,Pittsburgh,PA,188,28250,,4497,,,-80.2202,40.5216,https://www.rmu.edu/,,,1921,,,,,,
Suffolk University,Boston,MA,188,35578,,5565,,,-71.0611,42.3579,https://www.suffolk.edu/,,,1906,,,,,,
University of Hartford,West Hartford,CT,188,37790,,5246,,,-72.7138,41.7985,https://www.hartford.edu/,,,1957,,,,,,
Bowling Green State University,Bowling Green,OH,194,18332,10796,14334,,,-83.6301,41.3798,https://www.bgsu.edu/,,,1910,,,,,,
University of Houston,Houston,TX,194,25410,10710,34716,51217,Urban,-95.3698,29.7605,http://www.uh.edu,,South,1927,Public,Doctoral Universities: Very High Research Activity,23,43353505,94,93
Western Michigan University,Kalamazoo,MI,194,25713,11029,18567,,,-85.6103,42.2837,https://wmich.edu/,,,1903,,,,,,
Indiana University-Purdue University--Indianapolis,Indianapolis,IN,197,29791,9205,21985,,,-86.1773,39.7750,https://www.iupui.edu/,,,1969,,,,,,
Lesley University,Cambridge,MA,197,25750,,1520,,,-71.1176,42.3812,https://lesley.edu/,,,1909,,,,,,
University of Alabama--Huntsville,Huntsville,AL,197,20622,9128,6013,,,-86.6405,34.7252,https://www.uah.edu/,,,1950,,,,,,
University of Colorado--Denver,Denver,CO,197,29334,10404,14036,,,-105.0023,39.7464,https://www.ucdenver.edu/,,,1912,,,,,,
University of Nevada--Reno,Reno,NV,197,21052,7142,17770,,,-119.8142,39.5437,https://www.unr.edu/,,,1874,,,,,,
California State University--Fullerton,Fullerton,CA,202,17596,6436,33144,,,-117.8851,33.8823,http://www.fullerton.edu/,,,1957,,,,,,
Central Michigan University,Mount Pleasant,MI,202,23670,12150,20498,,,-84.7756,43.5907,https://www.cmich.edu/,,,1892,,,,,,
Louisiana Tech University,Ruston,LA,202,25851,8853,10682,12768,Rural,-92.6398,32.5305,http://www.latech.edu,,South,1894,Public,Doctoral Universities: High Research Activity,23,22656637,99,98
South Dakota State University,Brookings,SD,202,11403,8172,11007,,,-96.7835,44.3191,https://www.sdstate.edu/,,,1881,,,,,,
University of Alaska--Fairbanks,Fairbanks,AK,202,22469,7799,7610,,,-147.8341,64.8556,https://www.uaf.edu/,,,1917,,,,,,
University of North Carolina--Charlotte,Charlotte,NC,202,20193,6617,22732,,,-80.7352,35.3071,https://www.charlotte.edu/,,,1946,,,,,,
University of North Dakota,Grand Forks,ND,202,18899,4965,11577,17182,Urban,-97.0709,47.9217,http://und.edu,,Midwest,1883,Public,Doctoral Universities: High Research Activity,17,8117000,95,89
University of South Dakota,Vermillion,SD,202,11688,8457,7435,12276,Rural,-96.9258,42.7825,http://www.usd.edu,,Midwest,1862,Public,Doctoral Universities: High Research Activity,15,5109281,92,80
East Carolina University,Greenville,NC,210,22904,6946,23039,31962,Urban,-77.3725,35.6111,http://www.ecu.edu,,South,1907,Public,Doctoral Universities: High Research Activity,19,20015077,81,64
Montana State University,Bozeman,MT,210,23042,7031,13707,18756,Rural,-111.0332,45.6793,http://www.montana.edu,,West,1893,Public,Doctoral Universities: Very High Research Activity,17,18153533,92,91
Old Dominion University,Norfolk,VA,210,27028,10048,20101,28042,Urban,-76.3030,36.8889,http://odu.edu,,South,1930,Public,Doctoral Universities: High Research Activity,18,22291745,93,93
University of Missouri--Kansas City,Kansas City,MO,210,22714,9551,11253,,,-94.5775,39.0333,https://www.umkc.edu/,,,1933,,,,,,
Ashland University,Ashland,OH,214,20392,,3716,,,-82.3232,40.8618,https://www.ashland.edu/,,,1878,,,,,,
Dallas Baptist University,Dallas,TX,214,26180,,3315,,,-96.9467,32.7095,https://www.dbu.edu/,,,1898,,,,,,
Northern Illinois University,DeKalb,IL,214,23799,14334,15027,,,-88.7734,41.9351,https://www.niu.edu/,,,1895,,,,,,
Nova Southeastern University,Davie,FL,214,27660,,4641,,,-80.2457,26.0786,https://www.nova.edu/,,,1964,,,,,,
Southern Illinois University--Carbondale,Carbondale,IL,214,27130,13481,13031,,,-89.2230,37.7080,https://siu.edu/,,,1869,,,,,,
University of Montana,Missoula,MT,214,24562,6446,8732,,,-113.9846,46.8619,https://www.umt.edu/,,,1893,,,,,,
Benedictine University,Lisle,IL,220,32170,,3347,,,-88.0953,41.7784,https://ben.edu/,,,1887,,,,,,
California State University--Fresno,Fresno,CA,220,17209,6313,21482,,,-119.7462,36.8137,https://www.fresnostate.edu/,,,1911,,,,,,
Gardner-Webb University,Boiling Springs,NC,220,29850,,2615,,,-81.6707,35.2475,https://gardner-webb.edu/,,,1905,,,,,,
New Mexico State University,Las Cruces,NM,220,21234,6729,12526,16064,Suburban,-106.7527,32.2752,http://www.nmsu.edu,,West,1888,Public,Doctoral Universities: High Research Activity,16,24554327,99,98
Shenandoah University,Winchester,VA,220,31322,,2010,,,-78.1588,39.1667,https://www.su.edu/,,,1875,,,,,,
Tennessee Technological University,Cookeville,TN,220,24800,16311,9801,11103,Rural,-85.5016,36.1628,http://www.tntech.edu,,South,1915,Public,Doctoral Universities: High Research Activity,18,13968673,98,98
University of Massachusetts--Boston,Boston,MA,220,32023,13435,12949,,,-71.0420,42.3142,https://www.umb.edu/,,,1964,,,,,,
University of Massachusetts--Dartmouth,Dartmouth,MA,220,19270,12588,7295,,,-71.0054,41.6269,https://www.umassd.edu/,,,1895,,,,,,
University of Missouri--St. Louis,St. Louis,MO,220,26277,10065,13569,,,-90.3083,38.7092,https://www.umsl.edu/,,,1963,,,,,,
University of North Carolina--Greensboro,Greensboro,NC,220,21595,6733,15951,,,-79.8102,36.0689,https://www.uncg.edu/,,,1891,,,,,,
University of Southern Mississippi,Hattiesburg,MS,220,16094,7224,11840,,,-89.3335,31.3299,https://www.usm.edu/,,,1910,,,,,,
Utah State University,Logan,UT,220,19772,6866,25259,33055,Urban,-111.8348,41.7362,http://www.usu.edu,,West,1888,Public,Doctoral Universities: High Research Activity,19,31964416,87,82
>>>>>>> dae1d97ce34586654901c73dfa90307a4577ecb9
